Room in Coeur d'Alene,Stay with Alden,Stay with Alden,,  · Software developer,, , · ,Software developer,Sky Harbor Summit - 3 Bedrooms - Panoramas,Jun. 1 – 6,Jun. 1 – 6
Home in Coeur d'Alene,Super clean family style getaway near everything!!,3 queen beds,3 queen beds,Jul. 1 – 8,Jul. 1 – 8
Home in Coeur d'Alene,Modern Luxury, Converted Church,2 king beds,2 king beds,Jun. 15 – 20,Jun. 15 – 20
Home in Coeur d'Alene,Ponderosa Springs Golf Course Home,3 beds,3 beds,Jun. 4 – 9,Jun. 4 – 9
Home in Coeur d'Alene,Fernan Lake Terrace Retreat,8 beds,8 beds,Jun. 1 – 6,Jun. 1 – 6
Camper/RV in Athol,Meadow Lane Suites,5 beds,5 beds,Jun. 4 – 9,Jun. 4 – 9
Home in Coeur d'Alene,New!Lake Cottage in the Heart of CDA!Walkable!,7 beds,7 beds,Jun. 11 – 18,Jun. 11 – 18
Camper/RV in Coeur d'Alene,Iconic Airstream Trailer with Private Lake Access,2 beds,2 beds,Jul. 14 – 19,Jul. 14 – 19
Room in Coeur d'Alene,Stay with Carol,Stay with Carol,,  · Retired,, , · ,Retired,Modern Queen Bed and  Private Bath,Jun. 9 – 14,Jun. 9 – 14
Home in Coeur d'Alene,In The Heart of CDA | The Midtown Cottage,2 queen beds,2 queen beds,Jul. 29 – Aug. 3,Jul. 29 – Aug. 3
Camper/RV in Coeur d'Alene,Rustic Sauna Retreat,2 beds,2 beds,Jun. 1 – 6,Jun. 1 – 6
Room in Coeur d'Alene,Stay with Ben,Stay with Ben,,  · Hosting for 4 years,, , · ,Hosting for 4 years,2 bedrooms, Near I-90, and room for trailers.,Jun. 1 – 6,Jun. 1 – 6
Home in Idaho,Charming Downtown CDA Home!,7 beds,7 beds,Jun. 1 – 6,Jun. 1 – 6
Home in Coeur d'Alene,Charming Downtown Home with Big Yard,6 beds,6 beds,Jul. 9 – 14,Jul. 9 – 14
Apartment in Coeur d'Alene,Modern Mid-Town Apartment,2 beds,2 beds,Jun. 1 – 6,Jun. 1 – 6
Guesthouse in Hayden,Country Cottage Apartment,4 beds,4 beds,Jun. 7 – 12,Jun. 7 – 12
Room in Coeur d'Alene,Stay with Tanya,Stay with Tanya,,  · Hosting for 5 years,, , · ,Hosting for 5 years,Spacious Private Hideaway, Minutes from Downtown,Jun. 28 – Jul. 3,Jun. 28 – Jul. 3
Home in Post Falls,Riverview Retreat,2 beds,2 beds,Oct. 8 – 13,Oct. 8 – 13Hotel in Coeur d'Alene,Lake Village Lodge Room #1,2 beds,2 beds,Jun. 4 – 9,Jun. 4 – 9
Home in Coeur d'Alene,Whimsical Coeur d'Alene Escape, Walk to Beach!,8 beds,8 beds,Jul. 1 – 8,Jul. 1 – 8
Home in Coeur d'Alene,Two Bedroom Private Cottage,2 queen beds,2 queen beds,Jun. 11 – 16,Jun. 11 – 16
Room in Coeur d'Alene,Stay with Laura,Stay with Laura,,  · Hosting for 6 years,, , · ,Hosting for 6 years,Cozy Corner - Private Room & Bath,Jun. 7 – 12,Jun. 7 – 12
Home in Coeur d'Alene,Sierra House,5 beds,5 beds,Jun. 2 – 7,Jun. 2 – 7
Home in Coeur d'Alene,Coeur d' Alene Modern Rancher Close to Everything,3 beds,3 beds,Jun. 1 – 6,Jun. 1 – 6
Home in Coeur d'Alene,Pure Coeur d Alene  Lake fun,4 beds,4 beds,Jun. 1 – 6,Jun. 1 – 6
Home in Coeur d'Alene,Adorable Coeur d'Alene Home < 2 Mi to Lake!,4 beds,4 beds,Jul. 8 – 14,Jul. 8 – 14
Hotel in Coeur d'Alene,Lake Village Lodge Room #5,2 beds,2 beds,Jun. 1 – 6,Jun. 1 – 6
Home in Coeur d'Alene,CDA | Luxury Family Stay | Sleeps 10,3 beds,3 beds,Jun. 1 – 6,Jun. 1 – 6
Room in Coeur d'Alene,Stay with Jeff And Mishelle,Stay with Jeff And Mishelle,,  · Chef,, , · ,Chef,Quiet bed n' breakfast stay,Jun. 4 – 9,Jun. 4 – 9
Home in Coeur d'Alene,Serene Lake Getaway at Stunning, NEW Scandi Home,4 beds,4 beds,Jun. 1 – 6,Jun. 1 – 6
Room in Coeur d'Alene,Stay with Julie,Stay with Julie,,  · Estate agent,, , · ,Estate agent,Sanders Beach Bungalow Private Room,Jun. 4 – 10,Jun. 4 – 10
Home in Post Falls,Cheerful 4 bedroom 2 bath with fenced yard.,8 beds,8 beds,Jun. 1 – 6,Jun. 1 – 6
Tiny homes in Coeur d'Alene,The Groovy Avocado Pad,1 bed,1 bed,Jun. 1 – 6,Jun. 1 – 6
Room in Post Falls,Stay with Nicole & Stephen,Stay with Nicole & Stephen,,  · Hosting for 9 years,, , · ,Hosting for 9 years,"Farm House" Style Suite - NO Cleaning Fee,Jul. 3 – 9,Jul. 3 – 9
Guest suite in Coeur d'Alene,Rural country living at its finest.,1 queen bed,1 queen bed,Jun. 3 – 8,Jun. 3 – 8
Home in Coeur d'Alene,Charming Downtown Hideaway: Quaint 2-Bedroom Gem!,2 queen beds,2 queen beds,Jun. 1 – 6,Jun. 1 – 6Camper/RV in Coeur d'Alene,Enchanting Sauna Retreat,2 beds,2 beds,Jul. 2 – 9,Jul. 2 – 9
Camper/RV in Hayden,Cozy Camper Retreat of Hayden,3 beds,3 beds,Jun. 1 – 6,Jun. 1 – 6
Guest suite in Coeur d'Alene,Rekrazy Lodge and Hot Springs,8 beds,8 beds,Jun. 5 – 10,Jun. 5 – 10
Room in Coeur d'Alene,Stay with Jelena,Stay with Jelena,Private bedroom in quiet house,Jun. 1 – 6,Jun. 1 – 6
Home in Coeur d'Alene,Spacious, Downtown CDA Home!,3 beds,3 beds,Jun. 1 – 6,Jun. 1 – 6
Home in Coeur d'Alene,Whitetail Landings|By Canfield Mountain w/ a Deck,4 beds,4 beds,Jun. 12 – 17,Jun. 12 – 17
Guesthouse in Coeur d'Alene,Quiet Downtown Lake Getaway,1 bed,1 bed,Jun. 5 – 10,Jun. 5 – 10
Home in Coeur d'Alene,Adventure awaits at Bamboo House - Coeur d'Alene!,5 beds,5 beds,Jun. 5 – 10,Jun. 5 – 10
Cottage in Coeur d'Alene,Craftsman Cottage near Lake Coeur d’Alene,3 beds,3 beds,Jun. 1 – 7,Jun. 1 – 7
Home in Coeur d'Alene,Avon Rose House,7 beds,7 beds,Jun. 1 – 6,Jun. 1 – 6
Home in Coeur d'Alene,Blackwell Hill Hide-Away,4 beds,4 beds,Jun. 8 – 13,Jun. 8 – 13
Condo in Coeur d'Alene,Coeur d' Alene Condo Riverstone Village-Main St.,2 beds,2 beds,Jun. 18 – 23,Jun. 18 – 23
Home in Coeur d'Alene,Cozy North Idaho Retreat,4 beds,4 beds,Jun. 1 – 6,Jun. 1 – 6
Home in Coeur d'Alene,New! In the heart of Downtown CDA! The H.I.V.E.,4 beds,4 beds,Jun. 1 – 6,Jun. 1 – 6
Camper/RV in Hayden,Quiet Country Rimrock Retreat RV,8 beds,8 beds,Jun. 4 – 10,Jun. 4 – 10
Farm stay in Coeur d'Alene,Roam 10 acres while only 15 min to charming CDA,2 beds,2 beds,Jul. 8 – 13,Jul. 8 – 13
Home in Coeur d'Alene,The Urban Retreat Downtown CDA,4 beds,4 beds,Jun. 1 – 6,Jun. 1 – 6
Home in Coeur d'Alene,Charming Downtown Craftsman!,2 queen beds,2 queen beds,Jun. 26 – Jul. 3,Jun. 26 – Jul. 3Home in Coeur d'Alene,Phippeny Park Bungalow,3 beds,3 beds,Jun. 12 – 17,Jun. 12 – 17
Guest suite in Coeur d'Alene,Base Camp,2 beds,2 beds,Jun. 8 – 13,Jun. 8 – 13
Room in Rathdrum,Stay with Rob,Stay with Rob,,  · Airbnb,  boeing,, , · ,Airbnb,  boeing,James House (East room)
-Silverwood-Triple Play-,Jun. 1 – 6,Jun. 1 – 6
Townhouse in Coeur d'Alene,*NEW CD'A Midtown Bungalow Perfect Fun Location,3 beds,3 beds,Jul. 21 – 26,Jul. 21 – 26
Home in Coeur d'Alene,Studio in Coeur d'Alene,1 queen bed,1 queen bed,Jul. 10 – 16,Jul. 10 – 16
Guesthouse in Coeur d'Alene,CDA Lake Cottage,1 bed,1 bed,Jun. 4 – 9,Jun. 4 – 9
Condo in Coeur d'Alene,Riverstone Get Away in Magical Coeur D’Alene,3 beds,3 beds,Jun. 1 – 6,Jun. 1 – 6
Home in Coeur d'Alene,Coeur d'Alene Home With Heated Salt Water Pool,7 beds,7 beds,Jun. 1 – 6,Jun. 1 – 6
Room in Coeur d'Alene,Stay with Angela,Stay with Angela,,  · Hosting for 6 years,, , · ,Hosting for 6 years,Coeur D 'Alene Guesthouse,Jun. 24 – 29,Jun. 24 – 29
Home in Coeur d'Alene,Central location. Clean and close to the fun!,6 beds,6 beds,Jun. 1 – 6,Jun. 1 – 6
Place to stay in Coeur d'Alene,Private Guest Suite in Coeur d’Alene,1 queen bed,1 queen bed,Jun. 1 – 6,Jun. 1 – 6
Tiny homes in Coeur d'Alene,Tiny House on the Prairie,2 beds,2 beds,Jul. 16 – 21,Jul. 16 – 21
Room in Coeur d'Alene,Stay with Holly,Stay with Holly,Private bed/bath in heart of CdA,Jun. 2 – 7,Jun. 2 – 7
Home in Coeur d'Alene,Mountainside dog friendly 2/2. Fenced back yard.,3 beds,3 beds,Jun. 1 – 6,Jun. 1 – 6
Home in Coeur d'Alene,Lovely 3 Bedroom Home on Tree-Lined Government Way,3 queen beds,3 queen beds,Jun. 1 – 6,Jun. 1 – 6
Home in Coeur d'Alene,Charming Downtown Coeur d'Alene Home with Yard!,6 beds,6 beds,Jul. 16 – 22,Jul. 16 – 22
Room in Coeur d'Alene,Stay with Laurie,Stay with Laurie,Casa De La Paz {House of peace},Jun. 1 – 8,Jun. 1 – 8
Home in Coeur d'Alene,Spacious 6BR Home w/ 2 Kitchens, Yard, Hot Tub!,8 beds,8 beds,Jun. 3 – 8,Jun. 3 – 8Guesthouse in Coeur d'Alene,The Mill House - feel at home while you're away,1 queen bed,1 queen bed,Aug. 27 – Sep. 1,Aug. 27 – Sep. 1
Home in Coeur d'Alene,Small Town Escape,5 beds,5 beds,Jun. 4 – 11,Jun. 4 – 11
Home in Coeur d'Alene,Home Away from Home | 3bd 2ba Pet/Family Friendly!,3 beds,3 beds,Jun. 11 – 16,Jun. 11 – 16
Home in Coeur d'Alene,Hilltop Luxury Vacation Home Overlooking Lake CDA,9 beds,9 beds,Jun. 1 – 6,Jun. 1 – 6
Home in Coeur d'Alene,Family friendly, hot tub, great location,6 beds,6 beds,Jun. 1 – 6,Jun. 1 – 6
Home in Coeur d'Alene,Comfy 3 bedroom home.
Close to downtown CDA.,4 beds,4 beds,Jun. 1 – 6,Jun. 1 – 6
Home in Coeur d'Alene,Coeur d’Alene getaway at Harbor Island,5 beds,5 beds,Jun. 4 – 9,Jun. 4 – 9
Guest suite in Coeur d'Alene,Comfy private studio 8 min to downtown CDA!,1 king bed,1 king bed,Aug. 12 – 17,Aug. 12 – 17
Home in Coeur d'Alene,Coeur d'Alene Getaway I Great Location!,6 beds,6 beds,Jun. 5 – 10,Jun. 5 – 10
Room in Coeur d'Alene,Stay with Gary,Stay with Gary,Cozy room in a welcoming home.,Jun. 1 – 6,Jun. 1 – 6
Condo in Coeur d'Alene,Charming 2-bed 2-bath Riverstone Condo,4 beds,4 beds,Jun. 18 – 23,Jun. 18 – 23
Home in Coeur d'Alene,Stay & Play CDA Cottage 0.9 Mi to downtown,2 beds,2 beds,Oct. 1 – 6,Oct. 1 – 6
Home in Coeur d'Alene,The Big Red Barn at Odla Farm,7 beds,7 beds,Jun. 5 – 10,Jun. 5 – 10
Condo in Coeur d'Alene,Savor Dining & Leisure at Montagne Moderne Retreat,3 beds,3 beds,Jun. 4 – 9,Jun. 4 – 9
Home in Coeur d'Alene,Private River View Hideaway,4 beds,4 beds,Aug. 29 – Sep. 4,Aug. 29 – Sep. 4
Home in Coeur d'Alene,Lake Coeur d'Alene Vacation Cottage Downtown,4 beds,4 beds,Jun. 10 – 15,Jun. 10 – 15
Room in Hayden,Stay with Jim And Linda,Stay with Jim And Linda,,  · Construction manager,, , · ,Construction manager,Dove Room, please no pets, no smoking on property.,Jun. 4 – 10,Jun. 4 – 10
Room in Spokane,Stay with Kathryn,Stay with Kathryn,,  · Works in government,, , · ,Works in government,Modern Room with Private Bath,Jun. 16 – 21,Jun. 16 – 21Home in Coeur d'Alene,Cozy 2-bedroom house, 2 miles from Lake CDA,4 beds,4 beds,Jun. 1 – 6,Jun. 1 – 6
Home in Coeur d'Alene,The Huckleberry House | Historic Downtown-CDA,3 queen beds,3 queen beds,Jun. 26 – Jul. 1,Jun. 26 – Jul. 1
Hotel in Coeur d'Alene,Lake Village Lodge room #6,3 beds,3 beds,Jun. 3 – 9,Jun. 3 – 9
Apartment in Coeur d'Alene,Mid-Town Coeur d'Alene Apartment,2 beds,2 beds,Jun. 1 – 6,Jun. 1 – 6
Guesthouse in Coeur d'Alene,Garden Cottage,1 queen bed,1 queen bed,Jul. 9 – 14,Jul. 9 – 14
Camper/RV in Spokane Valley,Spacious modern travel trailer,4 beds,4 beds,Jun. 25 – 30,Jun. 25 – 30
Home in Coeur d'Alene,Mid-Century Bungalow (Breakfast & Bikes Included),1 queen bed,1 queen bed,Jun. 11 – 16,Jun. 11 – 16
Home in Coeur d'Alene,Downtown Coeur d'Alene|Family Getaway|Sleeps 12,3 beds,3 beds,Jun. 13 – 18,Jun. 13 – 18
Home in Coeur d'Alene,Spacious Backyard with Deck 2 Miles from the Lake,6 beds,6 beds,Jun. 1 – 6,Jun. 1 – 6
Home in Coeur d'Alene,The Silver Elk House | Downtown Coeur d’Alene,2 beds,2 beds,Aug. 14 – 20,Aug. 14 – 20
Room in Spokane,Stay with Don And Morna,Stay with Don And Morna,,  · Works in hospitality,, , · ,Works in hospitality,Quiet, King, Private Bath, Disinfected & Protected,Jun. 5 – 11,Jun. 5 – 11
Apartment in Coeur d'Alene,Downtown Coeur d' Alene Studio,1 bed,1 bed,Aug. 27 – Sep. 1,Aug. 27 – Sep. 1
Guest suite in Coeur d'Alene,Mesmerizing Sunsets!,3 beds,3 beds,Jul. 30 – Aug. 4,Jul. 30 – Aug. 4
Home in Coeur d'Alene,Cozy Rancher walking distance to Downtown CDA,2 beds,2 beds,Jul. 31 – Aug. 5,Jul. 31 – Aug. 5
Cottage in Coeur d'Alene,Garden Ave Tiny House-Walk Downtown in 5 minutes!,1 queen bed,1 queen bed,Jun. 5 – 12,Jun. 5 – 12
Home in Coeur d'Alene,Walk to the Beach Downtown CdA,3 beds,3 beds,Jun. 1 – 7,Jun. 1 – 7
Home in Coeur d'Alene,Downtown Home with Hot Tub,4 beds,4 beds,Jun. 12 – 17,Jun. 12 – 17
Guest suite in Coeur d'Alene,Peaceful Garden Getaway .....,2 beds,2 beds,Jun. 17 – 22,Jun. 17 – 22Home in Coeur d'Alene,Coeur d'Alene | Charming Family Getaway | Sleeps 6,4 beds,4 beds,Jun. 5 – 11,Jun. 5 – 11
Room in Harrison,Stay with Leslie,Stay with Leslie,,  · Ballet dancer,, , · ,Ballet dancer,Sleeps 6 Private entry Near bike trails Pets ok,Jun. 4 – 10,Jun. 4 – 10
Place to stay in Hayden,The Nest - A Guest Loft in Hayden, Idaho,1 bed,1 bed,Jul. 22 – 27,Jul. 22 – 27
Cabin in Coeur d'Alene,Old Number 7,2 beds,2 beds,Jun. 12 – 17,Jun. 12 – 17
Bungalow in Coeur d'Alene,Beautifully Renovated Bungalow on Government Way,5 beds,5 beds,Jun. 1 – 6,Jun. 1 – 6
Cabin in Coeur d'Alene,Cozy cabin with a Coeur d’Alene Lake view!,4 beds,4 beds,Jun. 1 – 6,Jun. 1 – 6
Home in Coeur d'Alene,Downtown home perfect to relax and play,4 beds,4 beds,Aug. 27 – Sep. 1,Aug. 27 – Sep. 1
Home in Coeur d'Alene,Great centrally located remodeled 3 br home,5 beds,5 beds,Jul. 7 – 14,Jul. 7 – 14
Apartment in Coeur d'Alene,Cozy CDA Apt - Amazing Views - Self Check-In,2 beds,2 beds,Jun. 1 – 6,Jun. 1 – 6
Home in Coeur d'Alene,Midtown Coeur d alene home kid and pet friendly,3 beds,3 beds,Jun. 1 – 6,Jun. 1 – 6
Camper/RV in Hayden,Quiet Country Rimrock Retreat,3 beds,3 beds,Jun. 4 – 9,Jun. 4 – 9
Campsite in Rathdrum,Bella's Mini-Farm, site 1 hammock and tent camping,Jun. 6 – 11,Jun. 6 – 11
Home in Coeur d'Alene,Villa Blue- A Large Family Friendly Home,7 beds,7 beds,Jun. 4 – 11,Jun. 4 – 11
Cabin in Coeur d'Alene,★ Charming Lakefront Getaway ★ A-Frame ★ Boat Slip,4 beds,4 beds,Jun. 5 – 10,Jun. 5 – 10
Home in Coeur d'Alene,Modern Midtown Cottage,3 beds,3 beds,Jul. 5 – 12,Jul. 5 – 12
Condo in Coeur d'Alene,Heart of Alene Sunrise Getaway,5 beds,5 beds,Jun. 4 – 9,Jun. 4 – 9
Room in Post Falls,Stay with Donal,Stay with Donal,,  · Hosting for 7 years,, , · ,Hosting for 7 years,A Night on the River,Jul. 15 – 20,Jul. 15 – 20
Home in Coeur d'Alene,Cheerful 2 bedroom home, heart of CDA,2 beds,2 beds,Jul. 16 – 21,Jul. 16 – 21Bungalow in Coeur d'Alene,Under 2 Mi to Lake~Fire Pit~Fast WiFi~Big Yard,2 beds,2 beds,Jul. 22 – 27,Jul. 22 – 27
Home in Coeur d'Alene,Modern Coeur d'Alene Home Near Trails & River!,3 beds,3 beds,Jul. 1 – 6,Jul. 1 – 6
Home in Coeur d'Alene,6th Street Charmer,3 beds,3 beds,Jun. 1 – 6,Jun. 1 – 6
Home in Coeur d'Alene,Sunset Hill -Hot Tub by the Lake,9 beds,9 beds,Jun. 1 – 6,Jun. 1 – 6
Guest suite in Coeur d'Alene,Aloha Studio Near to All downtown Amenities,2 beds,2 beds,Jun. 1 – 6,Jun. 1 – 6
Home in Coeur d'Alene,Peaceful 3 bedroom ranch ready for family getaway,5 beds,5 beds,Jun. 1 – 6,Jun. 1 – 6
Guest suite in Coeur d'Alene,Private Access Downtown Modern Studio-Free Parking,1 queen bed,1 queen bed,Aug. 21 – 26,Aug. 21 – 26
Home in Coeur d'Alene,Coeur d'Alene Cottage -  Hot Tub Now Available,2 beds,2 beds,Jun. 1 – 6,Jun. 1 – 6
Home in Coeur d'Alene,New Cozy 3-bedroom 2 bath home down town CDA,3 beds,3 beds,Jun. 4 – 9,Jun. 4 – 9
Home in Coeur d'Alene,Downtown Coeur d'Alene Home,2 queen beds,2 queen beds,Jun. 1 – 6,Jun. 1 – 6
Guesthouse in Coeur d'Alene,Little Downtowner Guest House,1 bed,1 bed,Sep. 4 – 9,Sep. 4 – 9
Tiny homes in Coeur d'Alene,Cedar Lodge - Studio, twin beds, sofa, kitchen,2 single beds,2 single beds,Jun. 12 – 19,Jun. 12 – 19
Home in Coeur d'Alene,Bright Family Friendly Gem - Walkable to DT CDA,3 beds,3 beds,Sep. 1 – 7,Sep. 1 – 7
Home in Coeur d'Alene,CDA Getaway- Stay Downtown!,4 beds,4 beds,Jul. 30 – Aug. 4,Jul. 30 – Aug. 4
Cabin in Hayden,Hayden Hideaway,6 beds,6 beds,Jun. 5 – 10,Jun. 5 – 10
Home in Coeur d'Alene,Modern Downtown Oasis - A/C - 5 Blocks to Lake!,5 beds,5 beds,Jun. 27 – Jul. 4,Jun. 27 – Jul. 4
Condo in Coeur d'Alene,Bear Cub Condo ~ Riverstone Village Escape,3 beds,3 beds,Jun. 11 – 16,Jun. 11 – 16
Home in Coeur d'Alene,Beautiful Family Home | Coeur d'Alene,5 beds,5 beds,Jun. 1 – 6,Jun. 1 – 6Apartment in Coeur d'Alene,Burns Bungalow, quiet, friendly & and safe.,4 beds,4 beds,Jun. 1 – 6,Jun. 1 – 6
Home in Post Falls,New House + HOT TUB! 4miles to CDA,8 beds,8 beds,Jun. 11 – 18,Jun. 11 – 18
Home in Coeur d'Alene,Bluegrass Meadows’ Sweet Haven,2 beds,2 beds,Jun. 1 – 6,Jun. 1 – 6
Home in Coeur d'Alene,Storybook cottage: cozy, fire pit,4 beds,4 beds,Jul. 10 – 15,Jul. 10 – 15
Home in Coeur d'Alene,Centrally Located Family Home| 15 mi to Silverwood,3 beds,3 beds,Jun. 1 – 6,Jun. 1 – 6
Room in Post Falls,Stay with Jeff,Stay with Jeff,The Piano House close to CDA and Spokane,Jun. 1 – 6,Jun. 1 – 6
Guest suite in Coeur d'Alene,Entire guest suite in a PERFECT & SAFE location,2 beds,2 beds,Jul. 29 – Aug. 3,Jul. 29 – Aug. 3
Condo in Coeur d'Alene,Endless Beauty: Explore & Relax at Pristine Condo,3 beds,3 beds,Jun. 1 – 6,Jun. 1 – 6
Condo in Coeur d'Alene,Linden Lofts Getaway in Midtown Coeur d' Alene,3 beds,3 beds,Jun. 1 – 6,Jun. 1 – 6
Guesthouse in Hayden,Hayden upstair studio neer Silverwood dog friendly,2 queen beds,2 queen beds,Jun. 1 – 6,Jun. 1 – 6
Home in Hayden,CedarWood Haven Close to Silverwood/Golf/hiking,2 beds,2 beds,Jun. 4 – 9,Jun. 4 – 9
Loft in Spirit Lake,Historic oasis: terrace & fire pit,4 beds,4 beds,Jun. 1 – 6,Jun. 1 – 6
Home in Post Falls,Portside Adventure Home Base RiversideHarbor,4 beds,4 beds,Jun. 17 – 23,Jun. 17 – 23
Bungalow in Coeur d'Alene,Designer Bungalow-Walk to Downtown + Sanders Beach,2 beds,2 beds,Aug. 6 – 11,Aug. 6 – 11
Home in Coeur d'Alene,Charming Midtown Cozy Cove,4 beds,4 beds,Jun. 4 – 9,Jun. 4 – 9
Cottage in Coeur d'Alene,A Cottage on B Street,4 beds,4 beds,Jun. 1 – 6,Jun. 1 – 6
Guesthouse in Coeur d'Alene,Modern Studio Guest Suite in Coeur d' Alene,2 beds,2 beds,Jun. 1 – 6,Jun. 1 – 6
Home in Coeur d'Alene,Creekside Cabin | Quiet Creekside Cabin,8 beds,8 beds,Jun. 10 – 15,Jun. 10 – 15Home in Coeur d`Alene,Sanders Cottage | Blocks from the beach,7 beds,7 beds,Nov. 30 – Dec. 5,Nov. 30 – Dec. 5
Room in Coeur d'Alene,Stay with Mark And Rose,Stay with Mark And Rose,,  · Retired 2015,, , · ,Retired 2015,CDA Place - Private 2BR 1BA 1,300 SF Bsmt Suite,Jun. 4 – 9,Jun. 4 – 9
Home in Coeur d'Alene,5BR Home By Downtown CDA - Nintendo/Foosball/Games,9 beds,9 beds,Jun. 1 – 6,Jun. 1 – 6
Home in Coeur d'Alene,Charming Downtown CDA Getaway,5 beds,5 beds,Jun. 30 – Jul. 5,Jun. 30 – Jul. 5
Bungalow in Coeur d'Alene,Walnut Bungalow,2 queen beds,2 queen beds,Sep. 7 – 14,Sep. 7 – 14
Home in Coeur d'Alene,Hot Tub + Downtown | The Laketown Retreat,6 beds,6 beds,Jun. 6 – 11,Jun. 6 – 11
Home in Hayden,Retro Retreat | MCM Comfort Surrounded by Beauty,3 beds,3 beds,Jun. 4 – 9,Jun. 4 – 9
Home in Post Falls,Private Beach Access, 3 bed 2 bath house sleeps 6,3 beds,3 beds,Jul. 16 – 22,Jul. 16 – 22
Home in Coeur d'Alene,New! Close to Town/Walkable, Theatre/Game Room,2 queen beds,2 queen beds,Jun. 4 – 9,Jun. 4 – 9
Farm stay in Athol,Small Studio on a Mini Horse Farm,1 bed,1 bed,Jun. 20 – 25,Jun. 20 – 25
Home in Coeur d'Alene,Midtown Casita,2 queen beds,2 queen beds,Jun. 1 – 6,Jun. 1 – 6
Home in Coeur d'Alene,New listing! Charming 5 beds /2bath downtown!,5 beds,5 beds,Aug. 12 – 17,Aug. 12 – 17
Apartment in Coeur d'Alene,Shakaree,1 king bed,1 king bed,Jun. 1 – 6,Jun. 1 – 6
Home in Coeur d'Alene,Champ's Place | A Large Updated House Downtown CDA,5 beds,5 beds,Jun. 13 – 18,Jun. 13 – 18
Home in Coeur d'Alene,Coeur d’Alene Three Suite Retreat,3 beds,3 beds,Jun. 27 – Jul. 2,Jun. 27 – Jul. 2
Hotel in Coeur d'Alene,Lake Village Lodge Room #2,2 beds,2 beds,Jun. 1 – 6,Jun. 1 – 6
Home in Worley,Cave Bay Bliss,4 beds,4 beds,Jun. 1 – 6,Jun. 1 – 6
Vacation home in Coeur d'Alene,Bring extra breaths...cuz the view will take some,1 bed,1 bed,Jun. 1 – 6,Jun. 1 – 6Home in Coeur d'Alene,Spacious 3-bedroom home close to downtown,3 queen beds,3 queen beds,Jun. 9 – 14,Jun. 9 – 14
Home in Coeur d'Alene,Cozy Downtown Cottage in Coeur d’Alene Idaho,2 king beds,2 king beds,Jun. 1 – 6,Jun. 1 – 6
Guesthouse in Hayden,Hayden, Idaho Golf Course Bungalow,1 queen bed,1 queen bed,Jun. 1 – 6,Jun. 1 – 6
Home in Coeur d'Alene,Cheerful Downtown Coeur d’ Alene Cottage,3 beds,3 beds,Jul. 8 – 13,Jul. 8 – 13
Campsite in Rathdrum,Bella's Mini-Farm site 2, RV or camper,1 bed,1 bed,Jun. 1 – 6,Jun. 1 – 6
Room in Liberty Lake,Stay with Selina,Stay with Selina,,  · Hosting for 4 years,, , · ,Hosting for 4 years,Quiet Night #2 & Hot Tub  Suite,Jul. 22 – 27,Jul. 22 – 27
Home in Coeur d'Alene,Cute CDA home w/garage & yard!,3 beds,3 beds,Jun. 4 – 9,Jun. 4 – 9
Cottage in Coeur d'Alene,Cute and Cozy 1910 Cottage - Walk downtown!,4 beds,4 beds,Jun. 4 – 9,Jun. 4 – 9
Bungalow in Coeur d'Alene,THE PINK BY BUNGALOW,2 beds,2 beds,Sep. 24 – 29,Sep. 24 – 29
Home in Coeur d'Alene,Cozy 3-Bedroom Home in Midtown Coeur d'Alene,3 queen beds,3 queen beds,Aug. 4 – 9,Aug. 4 – 9
Home in Post Falls,Post Falls Retreat - Beautiful Family Home!,5 beds,5 beds,Jun. 2 – 8,Jun. 2 – 8
Room in Coeur d'Alene,Stay with Jordyn,Stay with Jordyn,,  · Hosting for 8 years,, , · ,Hosting for 8 years,One bedroom in a furry friendly home,Jun. 10 – 15,Jun. 10 – 15
Room in Hayden,Stay with Nika,Stay with Nika,,  · Administrative,, , · ,Administrative,Welcome to my Home in Hayden, ID.  2 Bedroom-1Bath,Jun. 12 – 17,Jun. 12 – 17
Cottage in Coeur d'Alene,In the heart of the downtown,2 beds,2 beds,Jun. 1 – 6,Jun. 1 – 6
Home in Post Falls,NEW! Charming Home w/ Hot Tub!,5 beds,5 beds,Jun. 11 – 18,Jun. 11 – 18
Home in Coeur d'Alene,Just Listed! Comfortable Coeur d'Alene 6-Bedroom,9 beds,9 beds,Jun. 9 – 15,Jun. 9 – 15
Cottage in Coeur d'Alene,Beautiful, Cozy Downtown CDA Home,3 beds,3 beds,Jun. 1 – 6,Jun. 1 – 6
Cottage in Colbert,Ivory and Oak a Greenbluff Home,4 beds,4 beds,Jun. 1 – 6,Jun. 1 – 6Cottage in Colbert,Ivory and Oak a Greenbluff Home,4 beds,4 beds,Jun. 1 – 6,Jun. 1 – 6
Home in Coeur d'Alene,Ida-hygge. A cozy craftsman in downtown CDA,6 beds,6 beds,Jun. 1 – 6,Jun. 1 – 6
Apartment in Coeur d'Alene,The Flat on 5th, Only 5 blocks to Downtown!,1 queen bed,1 queen bed,Jun. 4 – 9,Jun. 4 – 9
Cabin in Coeur d'Alene,Cowboy Cabin - queen bed, full kitchen, sofa,2 beds,2 beds,Jul. 28 – Aug. 2,Jul. 28 – Aug. 2
Condo in Coeur d'Alene,Riverstone Retreat- Walk, Shop, Eat & Play!,2 beds,2 beds,Jun. 1 – 6,Jun. 1 – 6
Home in Coeur d'Alene,Modern downtown getaway,1 king bed,1 king bed,Jun. 1 – 6,Jun. 1 – 6
Home in Coeur d'Alene,Riverstone Magic, Luxury Central Accommodation,8 beds,8 beds,Aug. 7 – 12,Aug. 7 – 12
Home in Hauser,Big Mountain Home w/ Treehouse,22 Min. Silverwood!,10 beds,10 beds,Jun. 4 – 9,Jun. 4 – 9
Cottage in Coeur d'Alene,Sunshine Cottage,2 queen beds,2 queen beds,Aug. 12 – 17,Aug. 12 – 17
Tiny homes in Coeur d'Alene,Lumberjack Cabin - double bed, 3 bunk beds, fridge,7 beds,7 beds,Jun. 4 – 9,Jun. 4 – 9
Home in Coeur d'Alene,3,000 sq ft home with hot tub,5 beds,5 beds,Jul. 2 – 7,Jul. 2 – 7
Room in Rathdrum,Stay with Nick,Stay with Nick,,  · Hosting for 4 years,, , · ,Hosting for 4 years,Home away from home,Jun. 26 – Jul. 1,Jun. 26 – Jul. 1
Guesthouse in Coeur d'Alene,Lakeside Cottage Guest House- Cute 1 Bdrm/Studio,1 queen bed,1 queen bed,Jun. 1 – 6,Jun. 1 – 6
Home in Coeur d'Alene,Riverstone | Gorgeous Modern Home | Sleeps 8,5 beds,5 beds,Jun. 15 – 20,Jun. 15 – 20
Home in Coeur d'Alene,Tranquil Lake Living at Bright, NEW Japandi Home,4 beds,4 beds,Jun. 1 – 6,Jun. 1 – 6
Guest suite in Coeur d'Alene,Private, comfortable 2 bedroom shop apartment,2 queen beds,2 queen beds,Nov. 9 – 14,Nov. 9 – 14
Home in Coeur d'Alene,4 bed 2 bath home Central location Great backyard,4 beds,4 beds,Aug. 18 – 23,Aug. 18 – 23
Cabin in Hayden,Cheerful Cabin Near The Lake,2 beds,2 beds,Jun. 10 – 15,Jun. 10 – 15Cabin in Hayden,Enchanted Cabin in the Woods with Private Hot tub,1 king bed,1 king bed,Jul. 9 – 14,Jul. 9 – 14
Home in Coeur d'Alene,Luxury Riverstone 2br, easy water access w/garage.,2 beds,2 beds,Jun. 1 – 6,Jun. 1 – 6
Apartment in Coeur d'Alene,All American Suite,1 queen bed,1 queen bed,Jul. 21 – 26,Jul. 21 – 26
Townhouse in Coeur d'Alene,Bright & modern 2 bedroom home w/ indoor fireplace,2 beds,2 beds,Sep. 14 – 19,Sep. 14 – 19
Home in Hayden,Quaint 1-bedroom cottage w/parking and yard,1 bed,1 bed,Jul. 21 – 26,Jul. 21 – 26
Apartment in Coeur d'Alene,Cozy and comfortable new apartment,1 queen bed,1 queen bed,Aug. 6 – 11,Aug. 6 – 11
Tiny homes in Coeur d'Alene,Midtown Octopus Tiny House,1 queen bed,1 queen bed,Aug. 1 – 6,Aug. 1 – 6
Bungalow in Coeur d'Alene,Bungalow Idaho,1 queen bed,1 queen bed,Jun. 1 – 6,Jun. 1 – 6
Home in Coeur d'Alene,Cheerful 3 bedroom home with hot tub,3 beds,3 beds,Jun. 27 – Jul. 2,Jun. 27 – Jul. 2
Cottage in Coeur d'Alene,Family & Pet Friendly Lakeside Ave Cottage,3 queen beds,3 queen beds,Jul. 31 – Aug. 5,Jul. 31 – Aug. 5
Home in Coeur d'Alene,Central Coeur d'Alene | Hot Tub | Sleeps 9,4 beds,4 beds,Aug. 21 – 26,Aug. 21 – 26
Home in Coeur d'Alene,Cozy Retreat in the Heart of CDA,1 queen bed,1 queen bed,Jun. 2 – 7,Jun. 2 – 7
Home in Hayden,Hayden Family Home-Central to Lakes & Silverwood,6 beds,6 beds,Jun. 1 – 6,Jun. 1 – 6
Guest suite in Coeur d'Alene,CdA Hotspot - w/Hot Tub, Pool, & Sauna,4 beds,4 beds,Jun. 4 – 9,Jun. 4 – 9
Home in Coeur d'Alene,Hot Tub Hideaway Downtown close to the City Beach!,4 queen beds,4 queen beds,Sep. 24 – Oct. 1,Sep. 24 – Oct. 1
Home in Coeur d'Alene,Park Place - Beautiful Downtown Home,2 beds,2 beds,Jun. 5 – 11,Jun. 5 – 11
Home in Coeur d'Alene,NEW! Lakeside Landing- waterfront,6 beds,6 beds,Jun. 1 – 6,Jun. 1 – 6
Home in Newman Lake,New 4 Bedroom House on the Beach,4 beds,4 beds,Jun. 1 – 6,Jun. 1 – 6Home in Coeur d'Alene,Exceptionally Clean & Relaxing Coeur d’Alene Home,4 beds,4 beds,Jun. 4 – 9,Jun. 4 – 9
Guesthouse in Coeur d'Alene,Quiet Downtown Carriage House- 1 Blk. from Sherman,2 beds,2 beds,Jun. 8 – 13,Jun. 8 – 13
Room in Rathdrum,Stay with Mona,Stay with Mona,,  · Hosting for 4 years,, , · ,Hosting for 4 years,Nature-Lovers' Retreat Near Coeur d'Alene,Jun. 1 – 8,Jun. 1 – 8
Room in Spokane Valley,Stay with Roberta,Stay with Roberta,,  · Retired tennis coach,, , · ,Retired tennis coach,Quiet country setting   Apartment suite,Jun. 4 – 9,Jun. 4 – 9
Camper/RV in Coeur d'Alene,Gorgeous Coeur d'Alene Glamping Getaway,3 beds,3 beds,Jun. 1 – 6,Jun. 1 – 6
Place to stay in Rathdrum,James House (Apartment) Silverwood & Coeur d'Alene,3 beds,3 beds,Jun. 5 – 10,Jun. 5 – 10
Guesthouse in Coeur d'Alene,Adorable Harbor Island Hideaway.,2 beds,2 beds,Jun. 1 – 6,Jun. 1 – 6
Guesthouse in Coeur d'Alene,Coeur d'Alene Home in the Woods Near Everything.,3 beds,3 beds,Jun. 1 – 6,Jun. 1 – 6
Home in Post Falls,Central location: Silverwood, CDA/Spokane,3 beds,3 beds,Jul. 9 – 16,Jul. 9 – 16
Home in Coeur d'Alene,Charming Farmhouse in the Heart of Coeur d'Alene!,4 queen beds,4 queen beds,Jun. 1 – 6,Jun. 1 – 6
Home in Coeur d'Alene,Quaint 1 Bedroom Home,2 beds,2 beds,Jun. 1 – 6,Jun. 1 – 6
Condo in Coeur d'Alene,Flat on 4th ~ Heart of Downtown CDA,1 queen bed,1 queen bed,Jun. 6 – 11,Jun. 6 – 11
Home in Coeur d'Alene,Adorable Downtown Home - The Perfect Getaway!,3 queen beds,3 queen beds,Jun. 4 – 9,Jun. 4 – 9
Cottage in Coeur d'Alene,Cozy Red Cottage in the Garden District,7 beds,7 beds,Jun. 1 – 6,Jun. 1 – 6
Guesthouse in Hayden,Close to Silverwood, lakes, golf ski resorts.,2 beds,2 beds,Jul. 14 – 19,Jul. 14 – 19
Apartment in Coeur d'Alene,Fairway Hills Guest Suite,2 beds,2 beds,Aug. 28 – Sep. 2,Aug. 28 – Sep. 2
Cottage in Coeur d'Alene,Lakeside Cottage - Cozy and Convenient - 2 Bedroom,2 beds,2 beds,Jun. 1 – 6,Jun. 1 – 6
Home in Coeur d'Alene,Freshly Renovated Home in the Heart of Midtown CDA,5 beds,5 beds,Jun. 1 – 6,Jun. 1 – 6Home in Coeur d'Alene,Tamarack House - 3BD, queen beds, fireplace, patio,4 beds,4 beds,Jun. 7 – 12,Jun. 7 – 12
Home in Coeur d'Alene,3rd St Classic,2 queen beds,2 queen beds,Aug. 26 – Sep. 1,Aug. 26 – Sep. 1
Room in Coeur d'Alene,Stay with Jeff And Mishelle,Stay with Jeff And Mishelle,,  · Chef,, , · ,Chef,Charming private suite, with covered patio,Aug. 21 – 28,Aug. 21 – 28
Room in Hayden,Stay with Ramona,Stay with Ramona,,  · Hosting for 4 years,, , · ,Hosting for 4 years,English Point Waterfront Master Suite-Hayden Lake,Jun. 1 – 6,Jun. 1 – 6
Home in Coeur d'Alene,2 - Studio - kitchennet,1 queen bed,1 queen bed,Jul. 2 – 7,Jul. 2 – 7
Condo in Coeur d'Alene,Coeur d' Alene Luxury Condo on Spokane River,3 beds,3 beds,Jun. 10 – 15,Jun. 10 – 15
Home in Coeur d'Alene,Black Elk Lake House,8 beds,8 beds,Jun. 1 – 6,Jun. 1 – 6
Home in Coeur d'Alene,Light & Peaceful Mid-Town Home, Great for Families,4 beds,4 beds,Jun. 22 – 27,Jun. 22 – 27
Home in Coeur d'Alene,Midtown Manor | A Large Classic Farmhouse,9 beds,9 beds,Jun. 1 – 6,Jun. 1 – 6
Room in Hayden,Stay with Tammy,Stay with Tammy,,  · Hosting for 5 years,, , · ,Hosting for 5 years,Lively Retreat - Private Entrance,Jun. 27 – Jul. 2,Jun. 27 – Jul. 2
Home in Coeur d'Alene,Coeur d' Alene | Family Getaway | Sleeps 6,4 beds,4 beds,Jun. 1 – 6,Jun. 1 – 6
Home in Coeur d'Alene,Coeur d' Alene Modern Rancher close to Downtown,3 beds,3 beds,Jun. 4 – 9,Jun. 4 – 9
Home in Rathdrum,Charming Country Beauty,6 beds,6 beds,Jul. 29 – Aug. 3,Jul. 29 – Aug. 3
Home in Coeur d'Alene,Midtown w/ Natural Light and Full Kitchen,7 beds,7 beds,Jun. 1 – 6,Jun. 1 – 6
Guesthouse in Coeur d'Alene,Bohemian Hideaway,1 queen bed,1 queen bed,Jun. 5 – 10,Jun. 5 – 10
Home in Coeur d'Alene,Walk To Town, King Beds, EV charger,3 beds,3 beds,Jun. 1 – 6,Jun. 1 – 6
Home in Coeur d'Alene,Ol'Yeller| An Updated & Spacious Downtown CDA Home,6 beds,6 beds,Jul. 23 – 28,Jul. 23 – 28
Room in Coeur d'Alene,Stay with Julie,Stay with Julie,,  · Businessperson,, , · ,Businessperson,Country Living in the City #2,Jun. 1 – 6,Jun. 1 – 6